﻿<?xml version="1.0" encoding="utf-8" ?>
<EAAutoFramework>
  <RunSettings>
    <AUT>http://localhost/EmployeeApp</AUT>
    <!-- Possible flag Chrome,Firefox, IE-->
    <Browser>Firefox</Browser>
    <!-- Possible flag Smoke, Regression, Unit  -->
    <TestType>SmokeTest</TestType>
    <!-- Possible Flag Y, N -->
    <IsLog>Y</IsLog>
    <LogPath>D:\\EAAutoLogs\\</LogPath>
    <BuildName>DemoBuild</BuildName>
    <!-- Possible Flag Y, N -->
    <IsReport>N</IsReport>
    <UserName>EAutoTeam</UserName>
    <!-- Possible flag Selenium, Specflow  -->
    <Technology>Selenium</Technology>
  </RunSettings>
</EAAutoFramework>
